360ONE_360ONEWAMLTD
3MINDIA_3MINDIA
AARTIIND_AARTIINDUSTRIES
AAVAS_AAVASFINANCIERS
ABB_ABBINDIA
ABBOTINDIA_ABBOTTINDIA
ABCAPITAL_ADITYABIRLACAPITAL
ABFRL_ADITYABIRLAFASHION&RETAIL
ACC_ACC
ACE_ACTIONCONSTRUCTIONEQUIPMENT
ACI_ARCHEANCHEMICALS
ADANIENSOL_ADANIENERGYSOLUTIONS
ADANIENT_ADANIENTERPRISES
ADANIGREEN_ADANIGREENENERGY
ADANIPORTS_ADANIPORTS&SEZ
ADANIPOWER_ADANIPOWER
AEGISLOG_AEGISLOGISTICS
AETHER_AETHERINDUSTRIES
AFFLE_AFFLEINDIA
AIAENG_AIAENGINEERING
AJANTPHARM_AJANTAPHARMA
ALKEM_ALKEMLABORATORIES
ALKYLAMINE_ALKYLAMINES
ALLCARGO_ALLCARGOLOGISTICS
ALOKINDS_ALOKINDUSTRIES
AMBER_AMBERENTERPRISES
AMBUJACEM_AMBUJACEMENT
ANANDRATHI_ANANDRATHIWEALTH
ANGELONE_ANGELONE
ANURAS_ANUPAMRASAYAN
APARINDS_APARINDUSTRIES
APLAPOLLO_APLAPOLLOTUBES
APLLTD_ALEMBIPHARMA
APOLLOHOSP_APOLLOHOSPITALS
APOLLOTYRE_APOLLOTYRES
APTUS_APTUSVALUEHOUSINGFIN
ARE&M_AMARARAJAENERGY&MOBILITY
ASAHIINDIA_ASAHIINDIA
ASHOKLEY_ASHOKLEYLAND
ASIANPAINT_ASIANPAINTS
ASTERDM_ASTERDMHEALTHCARE
ASTRAL_ASTRAL
ASTRAZEN_ASTRAZENECA
ATGL_ADANITOTALGAS
ATUL_ATUL
AUBANK_AUSMALLFINANCEBANK
AUROPHARMA_AUROBINDO PHARMA
AVANTIFEED_AVANTIFEEDS
AWL_ADANIWILMAR
AXISBANK_AXISBANK
BAJAJ-AUTO_BAJAJAUTO
BAJFINANCE_BAJAJFINANCE
BAJAJFINSV_BAJAJFINSERV
BAJAJHLDNG_BAJAJHOLDINGS&INVESTMENT
BALAMINES_BALAJIAMINES
BALKRISIND_BALKRISHNAINDUSTRIES
BALRAMCHIN_BALRAMPURCHINI
BANDHANBNK_BANDHANBANK
BANKBARODA_BANKOFBARODA
BANKINDIA_BANKOFINDIA
BATAINDIA_BATAINDIA
BAYERCROP_BAYERCROPSCIENCE
BBTC_BOMBAYBURMAH
BDL_BHARATDYNAMICS
BEL_BHARATELECTRONICS
BASF_BASFINDIA
BEML_BEML
BERGEPAINT_BERGERPAINTS
BHARATFORG_BHARATFORGE
BHARTIARTL_BHARTIAIRTEL
BHEL_BHEL
BIKAJI_BIKAJIFOODS
BIOCON_BIOCON
BIRLACORPN_BIRLACORPORATION
BLS_BLSINTERNATIONALSERVICES
BLUEDART_BLUEDARTEXPRESS
BLUESTARCO_BLUESTAR
BORORENEW_BOROSILRENEWABLES
BOSCHLTD_BOSCH
BPCL_BPCL
BRIGADE_BRIGADEENTERPRISES
BRITANNIA_BRITANNIA
BSE_BSE
BSOFT_BIRLASOFT
CAMPUS_CAMPUSACTIVEWEAR
CAMS_CAMS
CANBK_CANARABANK
CANFINHOME_CANFINHOMES
CAPLIPOINT_CAPLINPOINTLABORATORIES
CARBORUNIV_CARBORUNDUMUNIVERSAL
CASTROLIND_CASTROLINDIA
CCL_CCLPRODUCTS
CDSL_CDSL
CEATLTD_CEAT
CELLO_CELLO
CENTRALBK_CENTRALBANK
CENTURYPLY_CENTURYPLYBOARDS
CENTURYTEX_CENTURYTEXTILES
CERA_CERASANITARY
CESC_CESC
CGCL_CAPRIGLOBALCAPITAL
CGPOWER_CGPOWERINDUSTRIAL
CHALET_CHALETHOTELS
CHAMBLFERT_CHAMBALFERTILISERS
CHEMPLASTS_CHEMPLASTSANMAR
CHENNPETRO_CHENNAIPETROLEUM
CHOLAFIN_CHOLAMANDALAMFINANCIALHOLDINGS
CHOLAHLDNG_CHOLAMANDALAMINVEST
CIEINDIA_CIEAUTOMOTIVEINDIA
CIPLA_CIPLA
CLEAN_CLEANSSCIENCE&TECH
COALINDIA_COALINDIA
COCHINSHIP_COCHINSHIPYARD
COFORGE_COFORGE
COLPAL_COLGATE
CONCOR_CONTAINERCORPORATION
CONCORDBIO_CONCORDBIOTECH
COROMANDEL_COROMANDELINTERN
CRAFTSMAN_CRAFTSMANAUTOMATION
CREDITACC_CREDITACCESSGRAMEEN
CRISIL_CRISIL
CROMPTON_CROMPTONGREAVESCONSUMERELEC
CSBBANK_CSBBANK
CUB_CITYUNIONBANK
CUMMINSIND_CUMMINSINDIA
CYIENT_CYIENT
DABUR_DABUR
DALBHARAT_DALMIABHARAT
DATAPATTNS_DATAPATTTERNS
DCMSHRIRAM_DCMSHRIRAM
DEEPAKFERT_DEEPAKFERTILISERS
DEEPAKNTR_DEEPAKNITRITE
DELHIVERY_DELHIVERY
DELTACORP_DELTACORP
DEVYANI_DEVYANINTERNATIONAL
DIVISLAB_DIVISLABORATORIES
DIXON_DIXONTECHNOLOGIES
DLF_DLF
DMART_AVENUESUPERMARTS
DOMS_DOMSINDUSTRIES
DRREDDY_DRREDDYLABORATORIES
EASEMYTRIP_EASYTRIPPLANNERS
ECLERX_ECLERXSERVICES
EICHERMOT_EICHERMOTORS
EIDPARRY_EIDPARRY
EIHOTEL_EIHI
ELECON_ELECONENGINEERINGCOMPANY
ELGIEQUIP_ELGIEQUIPMENTS
EMAMILTD_EMAMI
ENDURANCE_ENDURANCE TECHNOLOGIES
ENGINERSIN_ENGINEERS INDIA
EPL_EPL
EQUITASBNK_EQUITAS SMALL FINANCE BANK
ERIS_ERIS LIFESCIENCES
ESCORTS_ESCORTS KUBOTA
EXIDEIND_EXIDE INDUSTRIES
FACT_FACT
FDC_FDC
FEDERALBNK_FEDERAL BANK
FINCABLES_FINOLEX CABLES
FINEORG_FINE ORGANIC INDUSTRIES
FINPIPE_FINOLEX INDUSTRIES
FIVESTAR_FIVE STAR BUSINESS FINANCE
FORTIS_FORTIS HEALTHCARE
FSL_FIRSTSOURCE SOLUTIONS
GESHIP_G.E. SHIPPING
GAEL_GUJARAT AMBUJA
GAIL_GAIL
GICRE_GIC OF INDIA
GLAND_GLAND PHARMA
GLAXO_GSK PHARMA
GLENMARK_GLENMARK PHARMA
GMMPFAUDLR_GMM PFAUDLER
GMRINFRA_GMR AIRPORTS
GNFC_GUJARAT NARMADA
GODFRYPHLP_GODFREY PHILLIPS
GODREJCP_GODREJ AGROVET
GODREJIND_GODREJ CONSUMER
GODREJPROP_GODREJ INDUSTRIES
GPIL_GODREJ PROPERTIES
GPPL_GUJARAT PIPAVAV PORT
GRANULES_GRANULES INDIA
GRAPHITE_GRAPHITE INDIA
GRASIM_GRASIM
GRINDWELL_GRINDWELLNORTON
GSFC_GUJARATSTATEFERTILIZERS
GSPL_GUJARATSTATEPETRONET
GUJGASLTD_GUJARATGAS
HAL_HINDUSTAN AERONAUTICS
HAPPSTMNDS_HAPPIESTMINDSTECHNOLOGIES
HAPPYFORGE_HAPPYFORGINGS
HAVELLS_HAVELLSINDIA
HBLPOWER_HBLPOWERSYSTEMS
HCLTECH_HCLTECHNOLOGIES
HDFCAMC_HDFCAMC
HDFCBANK_HDFCBANK
HDFCLIFE_HDFCLIFEINSURANCE
HEG_HEG
HEROMOTOCO_HEROMOTOCORP
HFCL_HFCL
HIKAL_HIKAL
HINDALCO_HINDALCO
HINDCOPPER_HINDUSTANCOPPER
HINDPETRO_HPCL
HINDUNILVR_HINDUSTANUNILEVER
HINDZINC_HINDUSTANZINC
HOMEFIRST_HOMEFIRSTFINANCE
HONASA_HONASACONSUMER
HONAUT_HONEYWELLAUTOMATION
HUDCO_HUDCO
ICICIBANK_ICICIBANK
ICICIGI_ICICILOMBARDGENERALINSURANCE
ICICIPRULI_ICICIPRUDENTIALLIFEINSURANCE
IDBI_IDBIBANK
IDEA_VODAFONEIDEA
IDFC_IDFC
IDFCFIRSTB_IDFCFIRSTBANK
IEX_INDIANENERGYEXCHANGE
IGL_INDRAPRASTHAGAS
IIFL_IIFLFINANCE
INDHOTEL_INDIANHOTELS
INDIACEM_INDIACEMENTS
INDIAMART_INDIAMARTINTERMESH
INDIANB_INDIANBANK
INDIGO_INTERGLOBEAVIATION
INDIGOPNTS_INDIGOPAINTS
INDUSINDBK_INDUSINDBANK
INDUSTOWER_INDUSTOWERS
INFY_INFOSYS
INOXWIND_INOXWIND
INGERRAND_INGERSOLLRAND
INTELLECT_INTELLECTDESIGN
IOB_INDIANOVERSEASBANK
IOC_IOC
IPCALAB_IPCALABS
IRB_IRBINFRA
IRCON_IRCONINTERNATIONAL
IRCTC_IRCTC
IRFC_IRFC
ISEC_ICICISECURITIES
ITC_ITC
ITI_ITI
JBCHEPHARM_JBCHEMICALS
JBMA_JBMAUTO
JINDALSAW_JINDALSTEELANDPOWER
JINDALSTEL_JINDALWORLDWIDE
JIOFIN_JIOFINANCE
JKCEMENT_JKCEMENT
JKLAKSHMI_JKLAKSHMI
JKPAPER_JKPAPER
JMFINANCIL_JMFINANCIAL
JSL_JINDALSTAINLESS
JSWENERGY_JSWENERGY
JSWINFRA_JSWINFRASTRUCTURE
JSWSTEEL_JSWSTEEL
JUBLFOOD_JUBILANTFOODWORKS
JUBLINGREA_JUBILANTINGREVIA
JUBLPHARMA_JUBILANTPHARMOVA
JUSTDIAL_JUSTDIAL
JYOTHYLAB_JYOTHYLABS
KAJARIACER_KAJARIACERAMICS
KALYANKJIL_KALYANJEWELLERS
KANSAINER_KANSAINEROLAC
KARURVYSYA_KARURVYSYABANK
KEC_KECINTERNATIONAL
KEI_KEIINDUSTRIES
KFINTECH_KFINTECHNOLOGIES
KIMS_KIMS
KNRCON_KNRCONSTRUCTIONS
KOTAKBANK_KOTAKMAHINDRABANK
KPITTECH_KPITTECHNOLOGIES
KPRMILL_KPRMILL
KRBL_KRBL
KSB_KSB
LALPATHLAB_DRLALPATHLABS
LATENTVIEW_LATENTVIEWANALYTICS
LAURUSLABS_LAURUSLABS
LEMONTREE_LEMONTREEHOTELS
LICHSGFIN_LICHOUSING
LICI_LIFEINSURANCECORPORATION
LINDEINDIA_LINDEINDIA
LLOYDSME_LLOYDEMETALS
LODHA_MACROTECHDEVELOPERS
LT_L&T
LTF_L&TFINANCEHOLDINGS
LTIM_LTIMINDTREE
LTTS_L&TTECHNOLOGYSERVICES
LUPIN_LUPIN
LXCHEM_LUXINDUSTRIES
M&M_M&M
M&MFIN_MAHINDRA&MAHINDRAFINANCIALSERVICES
MAHABANK_BANKOFMAHARASHTRA
MAHLIFE_MAHINDRALIFESPACE
MANAPPURAM_MANAPPURAMFINANCE
MANYAVAR_VEDANTFASHIONS
MANKIND_MANKINDPHARMA
MAHLOG_MAHINDRALOGISTICS
MAPMYINDIA_CEINFOSYSTEMS
MARICO_MARICO
MARUTI_MARUTISUZUKI
MASTEK_MASTEK
MAXHEALTH_MAXHEALTHCAREINSTITUTE
MAZDOCK_MAZAGONDOCKSHIP
MCX_MULTICOMMODITYEXCHANGE
MEDANTA_GLOBALHEALTH
MEDPLUS_MEDPLUSHEALTHSERVICES
METROBRAND_METROBRANDS
METROPOLIS_METROPOLISHEALTHCARE
MFSL_MAXFINANCIALSERVICES
MGL_MAHANAGARGAS
MHRIL_MAHINDRAHOLIDAYS
MMTC_MMTC
MOTHERSON_SAMVARDHANAMOTHERSON
MOTILALOFS_MOTILALOSWAL
MPHASIS_MPHASIS
MRF_MRF
MRPL_MRPL
MSUMI_MOTHERSONSUMIWIRING
MTARTECH_MTARTTECHNOLOGIES
MUTHOOTFIN_MUTHOOTFINANCE
NAM-INDIA_NIPPONLIFEINDIAAMC
NATCOPHARM_NATCOPHARMA
NIACL_NEWINDIAASSURANCE
NAZARA_NAZARATECHNOLOGIES
NAUKRI_INFOEDGE
NAVINFLUOR_NAVINFLUORINE
NBCC_NBCCINDIA
NCC_NCC
NESTLEIND_NESTLE
NETWORK18_NETWORK18MEDIA
NH_NARAYANAHRUDAYALAYA
NHPC_NHPC
NLCINDIA_NLCINDIA
NMDC_NMDC
NSLNISP_NOCIL
NTPC_NTPC
NUVAMA_NUVAMAWEALTHMANAGEMENT
NUVOCO_NUVOCOVISTAS
NYKAA_NYKAA
OBEROIRLTY_OBEROIREALITY
OFSS_ORACLEFINANCIAL
OIL_OILINDIA
OLECTRA_OLECTRAGREENTECH
ONGC_ONGC
ORIENTELEC_ORIENTELECTRIC
PAGEIND_PAGEINDUSTRIES
PATANJALI_PATANJALIFOODS LTD
PAYTM_PAYTM
PEL_PIRAMALENTERPRISES
PERSISTENT_PERSISTENTSYSTEMS
PETRONET_PETRONETLNG
PFC_POWERFINANCECORPORATION
PGHH_PROCTOR&GAMBLEHYGIENE
PFIZER_PFIZER
PHOENIXLTD_PHOENIXMILL
PIDILITIND_PIDILITEINDUSTRIES
PIIND_PIINDUSTRIES
PNB_PNB
PNBHOUSING_PNBHOUSINGFINANCE
PNCINFRA_PNCINFRA TECH
POLICYBZR_POLICYBAZAAR
POLYCAB_POLYCABINDIA
POLYMED_POLYMEDICURE
POLYPLEX_POLYPLEXCORPORATION
POONAWALLA_POONAWALLAFINCORP
POWERGRID_POWERGRID
POWERINDIA_HITACHIENERGYINDIA
PPLPHARMA_PIRAMALPHARMA
PRAJIND_PRAJINDUSTRIESLTD
PRESTIGE_PRESTIGEESTATES
PRINCEPIPE_PRINCEPIPESANDFITTINGS
PRSMJOHNSN_PRISMJOHNSON
PVRINOX_PVRINOX
QUESS_QUESSCORP
RADICO_RADICOKHAITAN
RAILTEL_RAILTELCORPORATION
RAIN_RAININDUSTRIES
RAINBOW_RAINBOWCHILDRENSMEDICARE
RAJESHEXPO_RAJESHEXPORTS
RALLIS_RALLISINDIA
RAMCOCEM_RAMCOCEMENT
RATNAMANI_RATNAMANIMETALS
RAYMOND_RAYMOND
RBA_RESTAURANTBRANDSASIA
RBLBANK_RBLBANK
RCF_RCF
RECLTD_REC
REDINGTON_REDINGTON
RELAXO_RELAXOFOOTWEARS
RELIANCE_RELIANCEINDUSTRIES
RENUKA_SHREERENUKASUGARS
RHIM_RHIMAGNESITA
ROSSARI_ROSSARI BIOTECH
RITES_RITES
RKFORGE_RAMKRISHNAFORGINGS
ROUTE_ROUTEMOBILE
RRKABEL_RRKABELLTD
RTNINDIA_RATTANINDIAENTERPRISES
RVNL_RAILVIKASNIGAM
SAFARI_SAFARIINDUSTRIES
SAIL_SAIL
SAMMAANCAP_SAMMAANCAPITAL
SANOFI_SANOFIINDIA
SAPPHIRE_SAPPHIREFOODSINDIA
SAREGAMA_SAREGAMAINDUSTRIES
SBFC_SBFCFINANCE
SBIN_SBI
SBICARD_SBICARDS
SBILIFE_SBILIFEINSURANCE
SCHAEFFLER_SCHAEFFLERINDIA
SHREECEM_SHREECEMENT
SHRIRAMFIN_SHRIRAMFINANCE
SHYAMMETL_SHYAMMETALSANDENERGY
SIEMENS_SIEMENS
SIGNATURE_SIGNATUREGLOBAL
SJVN_SJVN
SKFINDIA_SKFINDIA
SOBHA_SOBHA
SOLARINDS_SOLARINDUSTRIES
SONACOMS_SONACOMSTAR
SONATSOFTW_SONATASOFTWARE
SRF_SRF
STARHEALTH_STARHEALTHALLIEDINSURANCE
STLTECH_STERLITETECH
SUMICHEM_SUMITOMOCHEMICALINDIA
SUNDARMFIN_SUNDARAMFINANCE
SUNDRMFAST_SUNDRAMFASTENERS
SUNPHARMA_SUNPHARMA
SUNTECK_SUNTECKREALTY
SUNTV_SUNTV
SUPREMEIND_SUPREMEINDUSTRIES
SUZLON_SUZLONENERGY
SWANENERGY_SWANENERGY
SWSOLAR_STERLINGANDWILSONSOLAR
SYNGENE_SYNGENEINTERNATIONAL
TANLA_TANLAPLATFORMS
TATACHEM_TATACHEMICALS
TATACOMM_TATACOMMUNICATION
TATACONSUM_TATACONSUMER
TATAELXSI_TATAELXSI
TATAINVEST_TATAINVESTMENT
TATAMOTOR_TATAMOTORS
TATAPOWER_TATAPOWER
TATASTEEL_TATASTEEL
TATATECH_TATATELESERVICES
TCIEXP_TCIEXPRESS
TCS_TCS
TECHM_TECHMAHINDRA
TEJASNET_TEJASNETWORKS
THERMAX_THERMAX
TIINDIA_TUBEINVESTMENTS OFINDIA
TIMKEN_TIMKENINDIA
TITAN_TITAN
TMB_TAMILNADMERCANTILEBANK
TORNTPHARM_TORRENTPHARMA
TORNTPOWER_TORRENTPOWER
TRENT_TRENT
TRIDENT_TRIDENT
TRITURBINE_TRIVENITURBINE
TRIVENI_TRIVENIENGINEERING
TV18BRDCST_TV18BROADCAST
TVSMOTOR_TVSMOTORS
TVSSCS_TVSSUPPLYCHAINSOLUTIONS
UNIONBANK_UNIONBANK
UCOBANK_UCOBANK
UJJIVANSFB_UJJIVANSMALLFINANCEBANK
ULTRACEMCO_ULTRATECHCEMENT
UBL_UNITEDBREWERIES
UNITDSPR_UNITEDSPIRITS
UNOMINDA_UNOMINDA
UPL_UPL
USHAMART_USHAMARTIN
UTIAMC_UTIASSETMANAGEMENTCOMPANY
VGUARD_VGUARDINDUSTRIES
VMART_VMARTRETAIL
VAIBHAVGBL_VAIBHAVGLOBAL
VTL_VARDHMANTEXTILES
VARROC_VARROCENGINEERING
VBL_VARUNBEVERAGES
VEDL_VEDANTA
VIJAYA_VIJAYADIAGNOSTIC
VIPIND_VIPINDUSTRIES
VOLTAS_VOLTAS
WELCORP_WELSPUNCORP
WELSPUNLIV_WELSPUNLIVING
WESTLIFE_WESTLIFEFOODWORLD
WHIRLPOOL_WHIRLPOOLOFINDIA
WIPRO_WIPRO
YESBANK_YESBANK
ZEEL_ZEEENTERTAINMENT
ZENSARTECH_ZENSARTECHNOLOGIES
ZFCVINDIA_ZFCOMMERCIAL
ZOMATO_ZOMATO
ZYDUSLIFE_ZYDUSWELLNESS
